Date update,Child Id,Child Lookup Id Field,Child Lookup Reference Field,Child SObject,Parent SObject,Parent ExternalId Field,Missing expected parent ExternalID value
2022-02-22  17:59:50.217,a060t000005O8aNAAS,User__c,User__r.Name,HiringPanelMember__c,User,Name,Sajesh Radhakrishnan
2022-02-22  17:59:50.218,a090t00000GKGeMAAX,Candidate__c,Candidate__r.Name,InterviewEventCandidate__c,Account,Name,ID0000000000000001
2022-02-22  17:59:50.218,a090t00000GKGfjAAH,Candidate__c,Candidate__r.Name,InterviewEventCandidate__c,Account,Name,ID0000000000000002
2022-02-22  17:59:50.218,a090t00000GKGfPAAX,Candidate__c,Candidate__r.Name,InterviewEventCandidate__c,Account,Name,ID0000000000000003
2022-02-22  17:59:50.218,a090t00000GKGeNAAX,Candidate__c,Candidate__r.Name,InterviewEventCandidate__c,Account,Name,ID0000000000000004
2022-02-22  17:59:50.218,a090t00000GKGeOAAX,Candidate__c,Candidate__r.Name,InterviewEventCandidate__c,Account,Name,ID0000000000000005
2022-02-22  17:59:52.560,a040t000004ynPRAAY,Questionaire__c,Questionaire__r.Name,FeedbackItem__c,Questionaire__c,Name,LLD + Coding
2022-02-22  17:59:52.560,a040t000004ynoUAAQ,Interview__c,Interview__r.Name,FeedbackItem__c,Interview__c,Name,a0D0t000006HhqSEAS
2022-02-22  17:59:52.560,a040t000004ynoVAAQ,Interview__c,Interview__r.Name,FeedbackItem__c,Interview__c,Name,a0D0t000006HhqSEAS
2022-02-22  17:59:52.560,a040t000004ynoWAAQ,Interview__c,Interview__r.Name,FeedbackItem__c,Interview__c,Name,a0D0t000006HhqSEAS
2022-02-22  17:59:52.560,a040t000004ynoXAAQ,Interview__c,Interview__r.Name,FeedbackItem__c,Interview__c,Name,a0D0t000006HhqTEAS
2022-02-22  17:59:52.560,a040t000004ynoXAAQ,Questionaire__c,Questionaire__r.Name,FeedbackItem__c,Questionaire__c,Name,HM Discussion
2022-02-22  17:59:52.560,a040t000004ynoYAAQ,Interview__c,Interview__r.Name,FeedbackItem__c,Interview__c,Name,a0D0t000006HhqTEAS
2022-02-22  17:59:52.560,a040t000004ynoYAAQ,Questionaire__c,Questionaire__r.Name,FeedbackItem__c,Questionaire__c,Name,HM Discussion
2022-02-22  17:59:52.560,a040t000004ynoZAAQ,Interview__c,Interview__r.Name,FeedbackItem__c,Interview__c,Name,a0D0t000006HhqTEAS
2022-02-22  17:59:52.560,a040t000004ynoZAAQ,Questionaire__c,Questionaire__r.Name,FeedbackItem__c,Questionaire__c,Name,HM Discussion
2022-02-22  17:59:52.560,a040t000004ynoaAAA,Interview__c,Interview__r.Name,FeedbackItem__c,Interview__c,Name,a0D0t000006HhqUEAS
2022-02-22  17:59:52.560,a040t000004ynoaAAA,Questionaire__c,Questionaire__r.Name,FeedbackItem__c,Questionaire__c,Name,LLD + Coding
2022-02-22  17:59:52.560,a040t000004ynobAAA,Interview__c,Interview__r.Name,FeedbackItem__c,Interview__c,Name,a0D0t000006HhqUEAS
2022-02-22  17:59:52.560,a040t000004ynobAAA,Questionaire__c,Questionaire__r.Name,FeedbackItem__c,Questionaire__c,Name,LLD + Coding
2022-02-22  17:59:52.560,a040t000004ynocAAA,Interview__c,Interview__r.Name,FeedbackItem__c,Interview__c,Name,a0D0t000006HhqVEAS
2022-02-22  17:59:52.560,a040t000004ynodAAA,Interview__c,Interview__r.Name,FeedbackItem__c,Interview__c,Name,a0D0t000006HhqVEAS
2022-02-22  17:59:52.560,a040t000004ynPCAAY,Questionaire__c,Questionaire__r.Name,FeedbackItem__c,Questionaire__c,Name,HM Discussion
2022-02-22  17:59:52.560,a040t000004ynPvAAI,Interview__c,Interview__r.Name,FeedbackItem__c,Interview__c,Name,a0D0t000006HDpaEAG
2022-02-22  17:59:52.560,a040t000004ynPwAAI,Interview__c,Interview__r.Name,FeedbackItem__c,Interview__c,Name,a0D0t000006HDpaEAG
2022-02-22  17:59:52.560,a040t000004ynPxAAI,Interview__c,Interview__r.Name,FeedbackItem__c,Interview__c,Name,a0D0t000006HDpbEAG
2022-02-22  17:59:52.560,a040t000004ynPyAAI,Interview__c,Interview__r.Name,FeedbackItem__c,Interview__c,Name,a0D0t000006HDpbEAG
2022-02-22  17:59:52.561,a040t000004ynPzAAI,Interview__c,Interview__r.Name,FeedbackItem__c,Interview__c,Name,a0D0t000006HDpcEAG
2022-02-22  17:59:52.561,a040t000004ynQ0AAI,Interview__c,Interview__r.Name,FeedbackItem__c,Interview__c,Name,a0D0t000006HDpcEAG
2022-02-22  17:59:52.561,a040t000004ynQ1AAI,Interview__c,Interview__r.Name,FeedbackItem__c,Interview__c,Name,a0D0t000006HDpcEAG
2022-02-22  17:59:52.561,a040t000004ynP7AAI,Questionaire__c,Questionaire__r.Name,FeedbackItem__c,Questionaire__c,Name,HM Discussion
2022-02-22  17:59:52.561,a040t000004ynPHAAY,Questionaire__c,Questionaire__r.Name,FeedbackItem__c,Questionaire__c,Name,HM Discussion
2022-02-22  17:59:52.561,a040t000004ynQ2AAI,Interview__c,Interview__r.Name,FeedbackItem__c,Interview__c,Name,a0D0t000006HDpfEAG
2022-02-22  17:59:52.561,a040t000004ynQ3AAI,Interview__c,Interview__r.Name,FeedbackItem__c,Interview__c,Name,a0D0t000006HDpfEAG
2022-02-22  17:59:52.561,a040t000004ynQ4AAI,Interview__c,Interview__r.Name,FeedbackItem__c,Interview__c,Name,a0D0t000006HDpfEAG
2022-02-22  17:59:52.561,a040t000004ynQ5AAI,Interview__c,Interview__r.Name,FeedbackItem__c,Interview__c,Name,a0D0t000006HDpfEAG
2022-02-22  17:59:52.561,a040t000004ynQ6AAI,Interview__c,Interview__r.Name,FeedbackItem__c,Interview__c,Name,a0D0t000006HDpgEAG
2022-02-22  17:59:52.561,a040t000004ynQ7AAI,Interview__c,Interview__r.Name,FeedbackItem__c,Interview__c,Name,a0D0t000006HDpgEAG
2022-02-22  17:59:52.561,a040t000004ynQ8AAI,Interview__c,Interview__r.Name,FeedbackItem__c,Interview__c,Name,a0D0t000006HDpgEAG
2022-02-22  17:59:52.561,a040t000004ynQ9AAI,Interview__c,Interview__r.Name,FeedbackItem__c,Interview__c,Name,a0D0t000006HDpgEAG
2022-02-22  17:59:52.561,a040t000004ynQAAAY,Interview__c,Interview__r.Name,FeedbackItem__c,Interview__c,Name,a0D0t000006HDphEAG
2022-02-22  17:59:52.561,a040t000004ynQBAAY,Interview__c,Interview__r.Name,FeedbackItem__c,Interview__c,Name,a0D0t000006HDphEAG
2022-02-22  17:59:52.561,a040t000004ynQCAAY,Interview__c,Interview__r.Name,FeedbackItem__c,Interview__c,Name,a0D0t000006HDphEAG
2022-02-22  17:59:52.561,a040t000004ynQDAAY,Interview__c,Interview__r.Name,FeedbackItem__c,Interview__c,Name,a0D0t000006HDphEAG
2022-02-22  17:59:52.561,a040t000004ynQEAAY,Interview__c,Interview__r.Name,FeedbackItem__c,Interview__c,Name,a0D0t000006HDphEAG
2022-02-22  17:59:52.561,a040t000004ynQFAAY,Interview__c,Interview__r.Name,FeedbackItem__c,Interview__c,Name,a0D0t000006HDphEAG
2022-02-22  17:59:52.561,a040t000004ynPWAAY,Questionaire__c,Questionaire__r.Name,FeedbackItem__c,Questionaire__c,Name,LLD + Coding
